Field,ID,Type (種類),default,ja,en
Description,2,テキスト,,"WondayWall は、あなたの予定や関心をもとに、その日の気分に寄り添う壁紙を自動生成する Windows 向けパーソナル壁紙アプリです。Google Calendar の予定、RSS ニュース、興味キーワードを組み合わせ、Gemini API が今日のあなた向けの一枚を生成します。

単なる壁紙の自動切り替えではありません。仕事の日は落ち着いた雰囲気、週末や楽しみな予定が近い日は少し開放的な景色、といったように、予定や話題を反映した変化を毎日のデスクトップに持ち込みます。好きな作品や気になるニュースを自然に壁紙へ混ぜることで、背景がただの画像ではなく、自分の文脈を持つ景色になります。

使い方もシンプルです。GUI の「今すぐ生成」からその場で試せるほか、CLI モードを使ってタスクスケジューラから定期実行することで、決まったタイミングで壁紙を更新できます。生成した画像は履歴として保存されるため、過去の壁紙もあとから見返せます。

Google Calendar 連携、RSS フィード対応、興味キーワード入力、手動生成、履歴確認に対応。毎日見るデスクトップに、あなた自身の予定や関心を反映した小さな発見を届けます。","WondayWall is a personal wallpaper app for Windows that automatically creates wallpapers shaped by your plans and interests. It combines your Google Calendar events, RSS news feeds, and interest keywords, then uses the Gemini API to generate an image that fits your day.

This is more than automatic wallpaper rotation. Work days can lean toward calm, focused scenes, while weekends or upcoming plans can bring in a lighter or more open atmosphere. By blending the topics you care about into your desktop background, WondayWall turns your wallpaper from a static image into scenery with personal context.

The workflow is simple. You can test it immediately from the GUI with Generate Now, or run it on a schedule through the CLI and Windows Task Scheduler to refresh your wallpaper at specific times. Generated images are also saved to history, so you can look back at previous wallpapers later.

With Google Calendar integration, RSS feed support, interest keywords, manual generation, and wallpaper history, WondayWall brings small personal discoveries to the desktop you see every day."
ReleaseNotes,3,テキスト,,"・初回リリース
・Google Calendar、RSS、興味キーワードをもとに AI 壁紙を生成
・手動生成と定期実行に対応","・Initial release
・Generate AI wallpapers from Google Calendar, RSS feeds, and interest keywords
・Support manual generation and scheduled execution"
Title,4,テキスト,,WondayWall,WondayWall
ShortTitle,5,テキスト,,,
SortTitle,6,テキスト,,,
VoiceTitle,7,テキスト,,,
ShortDescription,8,テキスト,,予定・ニュース・興味キーワードをもとに、その日の自分向け AI 壁紙を生成するパーソナル壁紙アプリ。,"A personal wallpaper app that generates AI wallpapers for your day from calendar events, news, and interests."
DevStudio,9,テキスト,,StudioFreesia,StudioFreesia
CopyrightTrademarkInformation,12,テキスト,,Copyright (c) StudioFreesia,Copyright (c) StudioFreesia
AdditionalLicenseTerms,13,テキスト,,,
DesktopScreenshot1,100,相対パス (またはパートナー センターにあるファイルへの URL),,https://developer.microsoft.com/en-us/dashboard/apps/9NXQSLB18QQT/submissions/1152921505700877101/listings/1152922700024768580/listingassets/3008105651803299203,https://developer.microsoft.com/en-us/dashboard/apps/9NXQSLB18QQT/submissions/1152921505700877101/listings/1152922700024768580/listingassets/3008105651803299203,
DesktopScreenshot2,101,相対パス (またはパートナー センターにあるファイルへの URL),,https://developer.microsoft.com/en-us/dashboard/apps/9NXQSLB18QQT/submissions/1152921505700877101/listings/1152922700024768580/listingassets/3056771350389753789,https://developer.microsoft.com/en-us/dashboard/apps/9NXQSLB18QQT/submissions/1152921505700877101/listings/1152922700024768580/listingassets/3056771350389753789,
DesktopScreenshot3,102,相対パス (またはパートナー センターにあるファイルへの URL),,https://developer.microsoft.com/en-us/dashboard/apps/9NXQSLB18QQT/submissions/1152921505700877101/listings/1152922700024768580/listingassets/3065552036221525973,https://developer.microsoft.com/en-us/dashboard/apps/9NXQSLB18QQT/submissions/1152921505700877101/listings/1152922700024768580/listingassets/3065552036221525973,
DesktopScreenshot4,103,相対パス (またはパートナー センターにあるファイルへの URL),,https://developer.microsoft.com/en-us/dashboard/apps/9NXQSLB18QQT/submissions/1152921505700877101/listings/1152922700024768580/listingassets/3055386312364167205,https://developer.microsoft.com/en-us/dashboard/apps/9NXQSLB18QQT/submissions/1152921505700877101/listings/1152922700024768580/listingassets/3055386312364167205,
DesktopScreenshot5,104,相対パス (またはパートナー センターにあるファイルへの URL),,,
DesktopScreenshot6,105,相対パス (またはパートナー センターにあるファイルへの URL),,,
DesktopScreenshot7,106,相対パス (またはパートナー センターにあるファイルへの URL),,,
DesktopScreenshot8,107,相対パス (またはパートナー センターにあるファイルへの URL),,,
DesktopScreenshot9,108,相対パス (またはパートナー センターにあるファイルへの URL),,,
DesktopScreenshot10,109,相対パス (またはパートナー センターにあるファイルへの URL),,,
DesktopScreenshot11,110,相対パス (またはパートナー センターにあるファイルへの URL),,,
DesktopScreenshot12,111,相対パス (またはパートナー センターにあるファイルへの URL),,,
DesktopScreenshot13,112,相対パス (またはパートナー センターにあるファイルへの URL),,,
DesktopScreenshot14,113,相対パス (またはパートナー センターにあるファイルへの URL),,,
DesktopScreenshot15,114,相対パス (またはパートナー センターにあるファイルへの URL),,,
DesktopScreenshot16,115,相対パス (またはパートナー センターにあるファイルへの URL),,,
DesktopScreenshot17,116,相対パス (またはパートナー センターにあるファイルへの URL),,,
DesktopScreenshot18,117,相対パス (またはパートナー センターにあるファイルへの URL),,,
DesktopScreenshot19,118,相対パス (またはパートナー センターにあるファイルへの URL),,,
DesktopScreenshot20,119,相対パス (またはパートナー センターにあるファイルへの URL),,,
DesktopScreenshot21,120,相対パス (またはパートナー センターにあるファイルへの URL),,,
DesktopScreenshot22,121,相対パス (またはパートナー センターにあるファイルへの URL),,,
DesktopScreenshot23,122,相対パス (またはパートナー センターにあるファイルへの URL),,,
DesktopScreenshot24,123,相対パス (またはパートナー センターにあるファイルへの URL),,,
DesktopScreenshot25,124,相対パス (またはパートナー センターにあるファイルへの URL),,,
DesktopScreenshot26,125,相対パス (またはパートナー センターにあるファイルへの URL),,,
DesktopScreenshot27,126,相対パス (またはパートナー センターにあるファイルへの URL),,,
DesktopScreenshot28,127,相対パス (またはパートナー センターにあるファイルへの URL),,,
DesktopScreenshot29,128,相対パス (またはパートナー センターにあるファイルへの URL),,,
DesktopScreenshot30,129,相対パス (またはパートナー センターにあるファイルへの URL),,,
DesktopScreenshotCaption1,150,テキスト,,毎日の予定から、壁紙のバリエーションへ,From daily schedules to wallpaper variations
DesktopScreenshotCaption2,151,テキスト,,予定や関心から、今日の壁紙を生成,Generate today's wallpaper from schedules and interests
DesktopScreenshotCaption3,152,テキスト,,予定とニュースが、壁紙のテーマになる,Schedules and news become the theme of the wallpaper
DesktopScreenshotCaption4,153,テキスト,,好みの雰囲気で、自動更新,Automatically update with your preferred atmosphere
DesktopScreenshotCaption5,154,テキスト,,,
DesktopScreenshotCaption6,155,テキスト,,,
DesktopScreenshotCaption7,156,テキスト,,,
DesktopScreenshotCaption8,157,テキスト,,,
DesktopScreenshotCaption9,158,テキスト,,,
DesktopScreenshotCaption10,159,テキスト,,,
DesktopScreenshotCaption11,160,テキスト,,,
DesktopScreenshotCaption12,161,テキスト,,,
DesktopScreenshotCaption13,162,テキスト,,,
DesktopScreenshotCaption14,163,テキスト,,,
DesktopScreenshotCaption15,164,テキスト,,,
DesktopScreenshotCaption16,165,テキスト,,,
DesktopScreenshotCaption17,166,テキスト,,,
DesktopScreenshotCaption18,167,テキスト,,,
DesktopScreenshotCaption19,168,テキスト,,,
DesktopScreenshotCaption20,169,テキスト,,,
DesktopScreenshotCaption21,170,テキスト,,,
DesktopScreenshotCaption22,171,テキスト,,,
DesktopScreenshotCaption23,172,テキスト,,,
DesktopScreenshotCaption24,173,テキスト,,,
DesktopScreenshotCaption25,174,テキスト,,,
DesktopScreenshotCaption26,175,テキスト,,,
DesktopScreenshotCaption27,176,テキスト,,,
DesktopScreenshotCaption28,177,テキスト,,,
DesktopScreenshotCaption29,178,テキスト,,,
DesktopScreenshotCaption30,179,テキスト,,,
MobileScreenshot1,200,相対パス (またはパートナー センターにあるファイルへの URL),,,
MobileScreenshot2,201,相対パス (またはパートナー センターにあるファイルへの URL),,,
MobileScreenshot3,202,相対パス (またはパートナー センターにあるファイルへの URL),,,
MobileScreenshot4,203,相対パス (またはパートナー センターにあるファイルへの URL),,,
MobileScreenshot5,204,相対パス (またはパートナー センターにあるファイルへの URL),,,
MobileScreenshot6,205,相対パス (またはパートナー センターにあるファイルへの URL),,,
MobileScreenshot7,206,相対パス (またはパートナー センターにあるファイルへの URL),,,
MobileScreenshot8,207,相対パス (またはパートナー センターにあるファイルへの URL),,,
MobileScreenshot9,208,相対パス (またはパートナー センターにあるファイルへの URL),,,
MobileScreenshot10,209,相対パス (またはパートナー センターにあるファイルへの URL),,,
MobileScreenshot11,210,相対パス (またはパートナー センターにあるファイルへの URL),,,
MobileScreenshot12,211,相対パス (またはパートナー センターにあるファイルへの URL),,,
MobileScreenshot13,212,相対パス (またはパートナー センターにあるファイルへの URL),,,
MobileScreenshot14,213,相対パス (またはパートナー センターにあるファイルへの URL),,,
MobileScreenshot15,214,相対パス (またはパートナー センターにあるファイルへの URL),,,
MobileScreenshot16,215,相対パス (またはパートナー センターにあるファイルへの URL),,,
MobileScreenshot17,216,相対パス (またはパートナー センターにあるファイルへの URL),,,
MobileScreenshot18,217,相対パス (またはパートナー センターにあるファイルへの URL),,,
MobileScreenshot19,218,相対パス (またはパートナー センターにあるファイルへの URL),,,
MobileScreenshot20,219,相対パス (またはパートナー センターにあるファイルへの URL),,,
MobileScreenshot21,220,相対パス (またはパートナー センターにあるファイルへの URL),,,
MobileScreenshot22,221,相対パス (またはパートナー センターにあるファイルへの URL),,,
MobileScreenshot23,222,相対パス (またはパートナー センターにあるファイルへの URL),,,
MobileScreenshot24,223,相対パス (またはパートナー センターにあるファイルへの URL),,,
MobileScreenshot25,224,相対パス (またはパートナー センターにあるファイルへの URL),,,
MobileScreenshot26,225,相対パス (またはパートナー センターにあるファイルへの URL),,,
MobileScreenshot27,226,相対パス (またはパートナー センターにあるファイルへの URL),,,
MobileScreenshot28,227,相対パス (またはパートナー センターにあるファイルへの URL),,,
MobileScreenshot29,228,相対パス (またはパートナー センターにあるファイルへの URL),,,
MobileScreenshot30,229,相対パス (またはパートナー センターにあるファイルへの URL),,,
MobileScreenshotCaption1,250,テキスト,,,
MobileScreenshotCaption2,251,テキスト,,,
MobileScreenshotCaption3,252,テキスト,,,
MobileScreenshotCaption4,253,テキスト,,,
MobileScreenshotCaption5,254,テキスト,,,
MobileScreenshotCaption6,255,テキスト,,,
MobileScreenshotCaption7,256,テキスト,,,
MobileScreenshotCaption8,257,テキスト,,,
MobileScreenshotCaption9,258,テキスト,,,
MobileScreenshotCaption10,259,テキスト,,,
MobileScreenshotCaption11,260,テキスト,,,
MobileScreenshotCaption12,261,テキスト,,,
MobileScreenshotCaption13,262,テキスト,,,
MobileScreenshotCaption14,263,テキスト,,,
MobileScreenshotCaption15,264,テキスト,,,
MobileScreenshotCaption16,265,テキスト,,,
MobileScreenshotCaption17,266,テキスト,,,
MobileScreenshotCaption18,267,テキスト,,,
MobileScreenshotCaption19,268,テキスト,,,
MobileScreenshotCaption20,269,テキスト,,,
MobileScreenshotCaption21,270,テキスト,,,
MobileScreenshotCaption22,271,テキスト,,,
MobileScreenshotCaption23,272,テキスト,,,
MobileScreenshotCaption24,273,テキスト,,,
MobileScreenshotCaption25,274,テキスト,,,
MobileScreenshotCaption26,275,テキスト,,,
MobileScreenshotCaption27,276,テキスト,,,
MobileScreenshotCaption28,277,テキスト,,,
MobileScreenshotCaption29,278,テキスト,,,
MobileScreenshotCaption30,279,テキスト,,,
XboxScreenshot1,300,相対パス (またはパートナー センターにあるファイルへの URL),,,
XboxScreenshot2,301,相対パス (またはパートナー センターにあるファイルへの URL),,,
XboxScreenshot3,302,相対パス (またはパートナー センターにあるファイルへの URL),,,
XboxScreenshot4,303,相対パス (またはパートナー センターにあるファイルへの URL),,,
XboxScreenshot5,304,相対パス (またはパートナー センターにあるファイルへの URL),,,
XboxScreenshot6,305,相対パス (またはパートナー センターにあるファイルへの URL),,,
XboxScreenshot7,306,相対パス (またはパートナー センターにあるファイルへの URL),,,
XboxScreenshot8,307,相対パス (またはパートナー センターにあるファイルへの URL),,,
XboxScreenshot9,308,相対パス (またはパートナー センターにあるファイルへの URL),,,
XboxScreenshot10,309,相対パス (またはパートナー センターにあるファイルへの URL),,,
XboxScreenshot11,310,相対パス (またはパートナー センターにあるファイルへの URL),,,
XboxScreenshot12,311,相対パス (またはパートナー センターにあるファイルへの URL),,,
XboxScreenshot13,312,相対パス (またはパートナー センターにあるファイルへの URL),,,
XboxScreenshot14,313,相対パス (またはパートナー センターにあるファイルへの URL),,,
XboxScreenshot15,314,相対パス (またはパートナー センターにあるファイルへの URL),,,
XboxScreenshot16,315,相対パス (またはパートナー センターにあるファイルへの URL),,,
XboxScreenshot17,316,相対パス (またはパートナー センターにあるファイルへの URL),,,
XboxScreenshot18,317,相対パス (またはパートナー センターにあるファイルへの URL),,,
XboxScreenshot19,318,相対パス (またはパートナー センターにあるファイルへの URL),,,
XboxScreenshot20,319,相対パス (またはパートナー センターにあるファイルへの URL),,,
XboxScreenshot21,320,相対パス (またはパートナー センターにあるファイルへの URL),,,
XboxScreenshot22,321,相対パス (またはパートナー センターにあるファイルへの URL),,,
XboxScreenshot23,322,相対パス (またはパートナー センターにあるファイルへの URL),,,
XboxScreenshot24,323,相対パス (またはパートナー センターにあるファイルへの URL),,,
XboxScreenshot25,324,相対パス (またはパートナー センターにあるファイルへの URL),,,
XboxScreenshot26,325,相対パス (またはパートナー センターにあるファイルへの URL),,,
XboxScreenshot27,326,相対パス (またはパートナー センターにあるファイルへの URL),,,
XboxScreenshot28,327,相対パス (またはパートナー センターにあるファイルへの URL),,,
XboxScreenshot29,328,相対パス (またはパートナー センターにあるファイルへの URL),,,
XboxScreenshot30,329,相対パス (またはパートナー センターにあるファイルへの URL),,,
XboxScreenshotCaption1,350,テキスト,,,
XboxScreenshotCaption2,351,テキスト,,,
XboxScreenshotCaption3,352,テキスト,,,
XboxScreenshotCaption4,353,テキスト,,,
XboxScreenshotCaption5,354,テキスト,,,
XboxScreenshotCaption6,355,テキスト,,,
XboxScreenshotCaption7,356,テキスト,,,
XboxScreenshotCaption8,357,テキスト,,,
XboxScreenshotCaption9,358,テキスト,,,
XboxScreenshotCaption10,359,テキスト,,,
XboxScreenshotCaption11,360,テキスト,,,
XboxScreenshotCaption12,361,テキスト,,,
XboxScreenshotCaption13,362,テキスト,,,
XboxScreenshotCaption14,363,テキスト,,,
XboxScreenshotCaption15,364,テキスト,,,
XboxScreenshotCaption16,365,テキスト,,,
XboxScreenshotCaption17,366,テキスト,,,
XboxScreenshotCaption18,367,テキスト,,,
XboxScreenshotCaption19,368,テキスト,,,
XboxScreenshotCaption20,369,テキスト,,,
XboxScreenshotCaption21,370,テキスト,,,
XboxScreenshotCaption22,371,テキスト,,,
XboxScreenshotCaption23,372,テキスト,,,
XboxScreenshotCaption24,373,テキスト,,,
XboxScreenshotCaption25,374,テキスト,,,
XboxScreenshotCaption26,375,テキスト,,,
XboxScreenshotCaption27,376,テキスト,,,
XboxScreenshotCaption28,377,テキスト,,,
XboxScreenshotCaption29,378,テキスト,,,
XboxScreenshotCaption30,379,テキスト,,,
HolographicScreenshot1,400,相対パス (またはパートナー センターにあるファイルへの URL),,,
HolographicScreenshot2,401,相対パス (またはパートナー センターにあるファイルへの URL),,,
HolographicScreenshot3,402,相対パス (またはパートナー センターにあるファイルへの URL),,,
HolographicScreenshot4,403,相対パス (またはパートナー センターにあるファイルへの URL),,,
HolographicScreenshot5,404,相対パス (またはパートナー センターにあるファイルへの URL),,,
HolographicScreenshot6,405,相対パス (またはパートナー センターにあるファイルへの URL),,,
HolographicScreenshot7,406,相対パス (またはパートナー センターにあるファイルへの URL),,,
HolographicScreenshot8,407,相対パス (またはパートナー センターにあるファイルへの URL),,,
HolographicScreenshot9,408,相対パス (またはパートナー センターにあるファイルへの URL),,,
HolographicScreenshot10,409,相対パス (またはパートナー センターにあるファイルへの URL),,,
HolographicScreenshot11,410,相対パス (またはパートナー センターにあるファイルへの URL),,,
HolographicScreenshot12,411,相対パス (またはパートナー センターにあるファイルへの URL),,,
HolographicScreenshot13,412,相対パス (またはパートナー センターにあるファイルへの URL),,,
HolographicScreenshot14,413,相対パス (またはパートナー センターにあるファイルへの URL),,,
HolographicScreenshot15,414,相対パス (またはパートナー センターにあるファイルへの URL),,,
HolographicScreenshot16,415,相対パス (またはパートナー センターにあるファイルへの URL),,,
HolographicScreenshot17,416,相対パス (またはパートナー センターにあるファイルへの URL),,,
HolographicScreenshot18,417,相対パス (またはパートナー センターにあるファイルへの URL),,,
HolographicScreenshot19,418,相対パス (またはパートナー センターにあるファイルへの URL),,,
HolographicScreenshot20,419,相対パス (またはパートナー センターにあるファイルへの URL),,,
HolographicScreenshot21,420,相対パス (またはパートナー センターにあるファイルへの URL),,,
HolographicScreenshot22,421,相対パス (またはパートナー センターにあるファイルへの URL),,,
HolographicScreenshot23,422,相対パス (またはパートナー センターにあるファイルへの URL),,,
HolographicScreenshot24,423,相対パス (またはパートナー センターにあるファイルへの URL),,,
HolographicScreenshot25,424,相対パス (またはパートナー センターにあるファイルへの URL),,,
HolographicScreenshot26,425,相対パス (またはパートナー センターにあるファイルへの URL),,,
HolographicScreenshot27,426,相対パス (またはパートナー センターにあるファイルへの URL),,,
HolographicScreenshot28,427,相対パス (またはパートナー センターにあるファイルへの URL),,,
HolographicScreenshot29,428,相対パス (またはパートナー センターにあるファイルへの URL),,,
HolographicScreenshot30,429,相対パス (またはパートナー センターにあるファイルへの URL),,,
HolographicScreenshotCaption1,450,テキスト,,,
HolographicScreenshotCaption2,451,テキスト,,,
HolographicScreenshotCaption3,452,テキスト,,,
HolographicScreenshotCaption4,453,テキスト,,,
HolographicScreenshotCaption5,454,テキスト,,,
HolographicScreenshotCaption6,455,テキスト,,,
HolographicScreenshotCaption7,456,テキスト,,,
HolographicScreenshotCaption8,457,テキスト,,,
HolographicScreenshotCaption9,458,テキスト,,,
HolographicScreenshotCaption10,459,テキスト,,,
HolographicScreenshotCaption11,460,テキスト,,,
HolographicScreenshotCaption12,461,テキスト,,,
HolographicScreenshotCaption13,462,テキスト,,,
HolographicScreenshotCaption14,463,テキスト,,,
HolographicScreenshotCaption15,464,テキスト,,,
HolographicScreenshotCaption16,465,テキスト,,,
HolographicScreenshotCaption17,466,テキスト,,,
HolographicScreenshotCaption18,467,テキスト,,,
HolographicScreenshotCaption19,468,テキスト,,,
HolographicScreenshotCaption20,469,テキスト,,,
HolographicScreenshotCaption21,470,テキスト,,,
HolographicScreenshotCaption22,471,テキスト,,,
HolographicScreenshotCaption23,472,テキスト,,,
HolographicScreenshotCaption24,473,テキスト,,,
HolographicScreenshotCaption25,474,テキスト,,,
HolographicScreenshotCaption26,475,テキスト,,,
HolographicScreenshotCaption27,476,テキスト,,,
HolographicScreenshotCaption28,477,テキスト,,,
HolographicScreenshotCaption29,478,テキスト,,,
HolographicScreenshotCaption30,479,テキスト,,,
SurfaceHubScreenshot11,510,相対パス (またはパートナー センターにあるファイルへの URL),,,
SurfaceHubScreenshot12,511,相対パス (またはパートナー センターにあるファイルへの URL),,,
SurfaceHubScreenshot13,512,相対パス (またはパートナー センターにあるファイルへの URL),,,
SurfaceHubScreenshot14,513,相対パス (またはパートナー センターにあるファイルへの URL),,,
SurfaceHubScreenshot15,514,相対パス (またはパートナー センターにあるファイルへの URL),,,
SurfaceHubScreenshot16,515,相対パス (またはパートナー センターにあるファイルへの URL),,,
SurfaceHubScreenshot17,516,相対パス (またはパートナー センターにあるファイルへの URL),,,
SurfaceHubScreenshot18,517,相対パス (またはパートナー センターにあるファイルへの URL),,,
SurfaceHubScreenshot19,518,相対パス (またはパートナー センターにあるファイルへの URL),,,
SurfaceHubScreenshot20,519,相対パス (またはパートナー センターにあるファイルへの URL),,,
SurfaceHubScreenshot21,520,相対パス (またはパートナー センターにあるファイルへの URL),,,
SurfaceHubScreenshot22,521,相対パス (またはパートナー センターにあるファイルへの URL),,,
SurfaceHubScreenshot23,522,相対パス (またはパートナー センターにあるファイルへの URL),,,
SurfaceHubScreenshot24,523,相対パス (またはパートナー センターにあるファイルへの URL),,,
SurfaceHubScreenshot25,524,相対パス (またはパートナー センターにあるファイルへの URL),,,
SurfaceHubScreenshot26,525,相対パス (またはパートナー センターにあるファイルへの URL),,,
SurfaceHubScreenshot27,526,相対パス (またはパートナー センターにあるファイルへの URL),,,
SurfaceHubScreenshot28,527,相対パス (またはパートナー センターにあるファイルへの URL),,,
SurfaceHubScreenshot29,528,相対パス (またはパートナー センターにあるファイルへの URL),,,
SurfaceHubScreenshot30,529,相対パス (またはパートナー センターにあるファイルへの URL),,,
SurfaceHubScreenshotCaption11,560,テキスト,,,
SurfaceHubScreenshotCaption12,561,テキスト,,,
SurfaceHubScreenshotCaption13,562,テキスト,,,
SurfaceHubScreenshotCaption14,563,テキスト,,,
SurfaceHubScreenshotCaption15,564,テキスト,,,
SurfaceHubScreenshotCaption16,565,テキスト,,,
SurfaceHubScreenshotCaption17,566,テキスト,,,
SurfaceHubScreenshotCaption18,567,テキスト,,,
SurfaceHubScreenshotCaption19,568,テキスト,,,
SurfaceHubScreenshotCaption20,569,テキスト,,,
SurfaceHubScreenshotCaption21,570,テキスト,,,
SurfaceHubScreenshotCaption22,571,テキスト,,,
SurfaceHubScreenshotCaption23,572,テキスト,,,
SurfaceHubScreenshotCaption24,573,テキスト,,,
SurfaceHubScreenshotCaption25,574,テキスト,,,
SurfaceHubScreenshotCaption26,575,テキスト,,,
SurfaceHubScreenshotCaption27,576,テキスト,,,
SurfaceHubScreenshotCaption28,577,テキスト,,,
SurfaceHubScreenshotCaption29,578,テキスト,,,
SurfaceHubScreenshotCaption30,579,テキスト,,,
StoreLogo720x1080,600,相対パス (またはパートナー センターにあるファイルへの URL),,,
StoreLogo1080x1080,601,相対パス (またはパートナー センターにあるファイルへの URL),,,
StoreLogo300x300,602,相対パス (またはパートナー センターにあるファイルへの URL),,,
OverrideLogosForWin10,603,True/False,,False,False
StoreLogoOverride150x150,604,相対パス (またはパートナー センターにあるファイルへの URL),,,
StoreLogoOverride71x71,605,相対パス (またはパートナー センターにあるファイルへの URL),,,
PromoImage1920x1080,606,相対パス (またはパートナー センターにあるファイルへの URL),,,
PromoImage2400x1200,607,相対パス (またはパートナー センターにあるファイルへの URL),,,
XboxBrandedKeyArt584x800,608,相対パス (またはパートナー センターにあるファイルへの URL),,,
XboxTitledHero1920x1080,609,相対パス (またはパートナー センターにあるファイルへの URL),,,
XboxFeaturedPromo1080x1080,610,相対パス (またはパートナー センターにあるファイルへの URL),,,
OptionalPromo358x358,611,相対パス (またはパートナー センターにあるファイルへの URL),,,
OptionalPromo1000x800,612,相対パス (またはパートナー センターにあるファイルへの URL),,,
OptionalPromo414x180,613,相対パス (またはパートナー センターにあるファイルへの URL),,,
Feature1,700,テキスト,,AI 壁紙生成: Google Calendar、RSS、興味キーワードを組み合わせて、その日の文脈に合う壁紙を生成。,"AI Wallpaper Generation: Combine Google Calendar, RSS feeds, and interest keywords to create a wallpaper that matches your day."
Feature2,701,テキスト,,Google Calendar 連携: 当日から近日の予定を壁紙の雰囲気に反映。,Google Calendar Integration: Reflect upcoming events in the mood and theme of each wallpaper.
Feature3,702,テキスト,,RSS ニュース連携: 指定フィードの最新話題を壁紙テーマに反映。,RSS News Integration: Bring topics from your selected feeds into the wallpaper theme.
Feature4,703,テキスト,,手動生成: GUI からすぐに新しい壁紙を生成可能。,Manual Generation: Create a new wallpaper instantly from the GUI.
Feature5,704,テキスト,,定期実行: CLI モードを使ってタスクスケジューラから自動更新。,Scheduled Execution: Refresh wallpapers automatically through the CLI and Windows Task Scheduler.
Feature6,705,テキスト,,生成履歴: 保存済みの過去の壁紙をあとから見返せる。,Wallpaper History: Look back at previously generated wallpapers saved on your PC.
Feature7,706,テキスト,,,
Feature8,707,テキスト,,,
Feature9,708,テキスト,,,
Feature10,709,テキスト,,,
Feature11,710,テキスト,,,
Feature12,711,テキスト,,,
Feature13,712,テキスト,,,
Feature14,713,テキスト,,,
Feature15,714,テキスト,,,
Feature16,715,テキスト,,,
Feature17,716,テキスト,,,
Feature18,717,テキスト,,,
Feature19,718,テキスト,,,
Feature20,719,テキスト,,,
MinimumHardwareReq1,800,テキスト,,Windows 10 / 11,Windows 10 / 11
MinimumHardwareReq3,802,テキスト,,インターネット接続,Internet connection
MinimumHardwareReq4,803,テキスト,,Google AI API キー,Google AI API key
MinimumHardwareReq6,805,テキスト,,Google Calendar を使う場合は Google アカウント,Google account if you want to use Google Calendar
MinimumHardwareReq7,806,テキスト,,,
MinimumHardwareReq8,807,テキスト,,,
MinimumHardwareReq9,808,テキスト,,,
MinimumHardwareReq10,809,テキスト,,,
MinimumHardwareReq11,810,テキスト,,,
RecommendedHardwareReq1,850,テキスト,,1920 x 1080 以上のディスプレイ,Display resolution of 1920 x 1080 or higher
RecommendedHardwareReq2,851,テキスト,,安定したネットワーク接続,Stable network connection
RecommendedHardwareReq3,852,テキスト,,,
RecommendedHardwareReq4,853,テキスト,,,
RecommendedHardwareReq5,854,テキスト,,,
RecommendedHardwareReq6,855,テキスト,,,
RecommendedHardwareReq7,856,テキスト,,,
RecommendedHardwareReq8,857,テキスト,,,
RecommendedHardwareReq9,858,テキスト,,,
RecommendedHardwareReq10,859,テキスト,,,
RecommendedHardwareReq11,860,テキスト,,,
SearchTerm1,900,テキスト,,AI 壁紙,AI Wallpaper
SearchTerm2,901,テキスト,,壁紙自動生成,Automatic Wallpaper Generator
SearchTerm3,902,テキスト,,Google Calendar 連携,Google Calendar Integration
SearchTerm4,903,テキスト,,RSS ニュース壁紙,RSS News Wallpaper
SearchTerm5,904,テキスト,,パーソナル壁紙,Personalized Wallpaper
SearchTerm6,905,テキスト,,Gemini 壁紙,Gemini Wallpaper
SearchTerm7,906,テキスト,,デスクトップカスタマイズ,Desktop Customization
TrailerToPlayAtTopOfListing,999,相対パス (またはパートナー センターにあるファイルへの URL),,,
Trailer1,1000,相対パス (またはパートナー センターにあるファイルへの URL),,,
Trailer2,1001,相対パス (またはパートナー センターにあるファイルへの URL),,,
Trailer3,1002,相対パス (またはパートナー センターにあるファイルへの URL),,,
Trailer4,1003,相対パス (またはパートナー センターにあるファイルへの URL),,,
Trailer5,1004,相対パス (またはパートナー センターにあるファイルへの URL),,,
Trailer6,1005,相対パス (またはパートナー センターにあるファイルへの URL),,,
Trailer7,1006,相対パス (またはパートナー センターにあるファイルへの URL),,,
Trailer8,1007,相対パス (またはパートナー センターにあるファイルへの URL),,,
Trailer9,1008,相対パス (またはパートナー センターにあるファイルへの URL),,,
Trailer10,1009,相対パス (またはパートナー センターにあるファイルへの URL),,,
Trailer11,1010,相対パス (またはパートナー センターにあるファイルへの URL),,,
Trailer12,1011,相対パス (またはパートナー センターにあるファイルへの URL),,,
Trailer13,1012,相対パス (またはパートナー センターにあるファイルへの URL),,,
Trailer14,1013,相対パス (またはパートナー センターにあるファイルへの URL),,,
Trailer15,1014,相対パス (またはパートナー センターにあるファイルへの URL),,,
TrailerTitle1,1020,テキスト,,,
TrailerTitle2,1021,テキスト,,,
TrailerTitle3,1022,テキスト,,,
TrailerTitle4,1023,テキスト,,,
TrailerTitle5,1024,テキスト,,,
TrailerTitle6,1025,テキスト,,,
TrailerTitle7,1026,テキスト,,,
TrailerTitle8,1027,テキスト,,,
TrailerTitle9,1028,テキスト,,,
TrailerTitle10,1029,テキスト,,,
TrailerTitle11,1030,テキスト,,,
TrailerTitle12,1031,テキスト,,,
TrailerTitle13,1032,テキスト,,,
TrailerTitle14,1033,テキスト,,,
TrailerTitle15,1034,テキスト,,,
TrailerThumbnail1,1040,相対パス (またはパートナー センターにあるファイルへの URL),,,
TrailerThumbnail2,1041,相対パス (またはパートナー センターにあるファイルへの URL),,,
TrailerThumbnail3,1042,相対パス (またはパートナー センターにあるファイルへの URL),,,
TrailerThumbnail4,1043,相対パス (またはパートナー センターにあるファイルへの URL),,,
TrailerThumbnail5,1044,相対パス (またはパートナー センターにあるファイルへの URL),,,
TrailerThumbnail6,1045,相対パス (またはパートナー センターにあるファイルへの URL),,,
TrailerThumbnail7,1046,相対パス (またはパートナー センターにあるファイルへの URL),,,
TrailerThumbnail8,1047,相対パス (またはパートナー センターにあるファイルへの URL),,,
TrailerThumbnail9,1048,相対パス (またはパートナー センターにあるファイルへの URL),,,
TrailerThumbnail10,1049,相対パス (またはパートナー センターにあるファイルへの URL),,,
TrailerThumbnail11,1050,相対パス (またはパートナー センターにあるファイルへの URL),,,
TrailerThumbnail12,1051,相対パス (またはパートナー センターにあるファイルへの URL),,,
TrailerThumbnail13,1052,相対パス (またはパートナー センターにあるファイルへの URL),,,
TrailerThumbnail14,1053,相対パス (またはパートナー センターにあるファイルへの URL),,,
TrailerThumbnail15,1054,相対パス (またはパートナー センターにあるファイルへの URL),,,
TrailerClosedCaption1,1055,相対パス (またはパートナー センターにあるファイルへの URL),,,
TrailerClosedCaption2,1056,相対パス (またはパートナー センターにあるファイルへの URL),,,
TrailerClosedCaption3,1057,相対パス (またはパートナー センターにあるファイルへの URL),,,
TrailerClosedCaption4,1058,相対パス (またはパートナー センターにあるファイルへの URL),,,
TrailerClosedCaption5,1059,相対パス (またはパートナー センターにあるファイルへの URL),,,
TrailerClosedCaption6,1060,相対パス (またはパートナー センターにあるファイルへの URL),,,
TrailerClosedCaption7,1061,相対パス (またはパートナー センターにあるファイルへの URL),,,
TrailerClosedCaption8,1062,相対パス (またはパートナー センターにあるファイルへの URL),,,
TrailerClosedCaption9,1063,相対パス (またはパートナー センターにあるファイルへの URL),,,
TrailerClosedCaption10,1064,相対パス (またはパートナー センターにあるファイルへの URL),,,
TrailerClosedCaption11,1065,相対パス (またはパートナー センターにあるファイルへの URL),,,
TrailerClosedCaption12,1066,相対パス (またはパートナー センターにあるファイルへの URL),,,
TrailerClosedCaption13,1067,相対パス (またはパートナー センターにあるファイルへの URL),,,
TrailerClosedCaption14,1068,相対パス (またはパートナー センターにあるファイルへの URL),,,
TrailerClosedCaption15,1069,相対パス (またはパートナー センターにあるファイルへの URL),,,
TrailerAudioDescription1,1070,相対パス (またはパートナー センターにあるファイルへの URL),,,
TrailerAudioDescription2,1071,相対パス (またはパートナー センターにあるファイルへの URL),,,
TrailerAudioDescription3,1072,相対パス (またはパートナー センターにあるファイルへの URL),,,
TrailerAudioDescription4,1073,相対パス (またはパートナー センターにあるファイルへの URL),,,
TrailerAudioDescription5,1074,相対パス (またはパートナー センターにあるファイルへの URL),,,
TrailerAudioDescription6,1075,相対パス (またはパートナー センターにあるファイルへの URL),,,
TrailerAudioDescription7,1076,相対パス (またはパートナー センターにあるファイルへの URL),,,
TrailerAudioDescription8,1077,相対パス (またはパートナー センターにあるファイルへの URL),,,
TrailerAudioDescription9,1078,相対パス (またはパートナー センターにあるファイルへの URL),,,
TrailerAudioDescription10,1079,相対パス (またはパートナー センターにあるファイルへの URL),,,
TrailerAudioDescription11,1080,相対パス (またはパートナー センターにあるファイルへの URL),,,
TrailerAudioDescription12,1081,相対パス (またはパートナー センターにあるファイルへの URL),,,
TrailerAudioDescription13,1082,相対パス (またはパートナー センターにあるファイルへの URL),,,
TrailerAudioDescription14,1083,相対パス (またはパートナー センターにあるファイルへの URL),,,
TrailerAudioDescription15,1084,相対パス (またはパートナー センターにあるファイルへの URL),,,
,,,,,
,,,,,
,,,,,
,,,,,
,,,,,
,,,,,
,,,,,
,,,,,
,,,,,
,,,,,
,,,,,
,,,,,
,,,,,
,,,,,
,,,,,
,,,,,
,,,,,
,,,,,
,,,,,
,,,,,
,,,,,
,,,,,
,,,,,
,,,,,